{"stats":{"minecraft:mined":{"minecraft:large_fern":5,"minecraft:white_terracotta":1,"minecraft:purple_bed":2,"minecraft:brown_mushroom":1,"minecraft:kelp_plant":3,"minecraft:birch_log":5,"minecraft:crafting_table":1,"minecraft:short_grass":2,"minecraft:grass_block":3,"minecraft:poppy":1,"minecraft:dirt":5,"minecraft:dead_bush":1,"minecraft:loom":1,"minecraft:kelp":2,"minecraft:spruce_leaves":11,"minecraft:stone":6,"minecraft:cartography_table":1,"minecraft:rooted_dirt":9,"minecraft:fern":2},"minecraft:used":{"minecraft:birch_planks":6,"minecraft:bread":3,"minecraft:stone_pickaxe":54,"minecraft:poppy":1,"minecraft:wooden_pickaxe":13,"minecraft:purple_bed":1,"minecraft:birch_button":1,"minecraft:dirt":3,"minecraft:cobblestone":2,"minecraft:beef":4,"minecraft:sweet_berries":2,"minecraft:crafting_table":2},"minecraft:crafted":{"minecraft:crafting_table":2,"minecraft:stick":4,"minecraft:wooden_pickaxe":1,"minecraft:stone_pickaxe":1,"minecraft:birch_button":1,"minecraft:birch_planks":20},"minecraft:custom":{"minecraft:time_since_rest":767,"minecraft:sprint_one_cm":90254,"minecraft:damage_taken":120,"minecraft:walk_one_cm":26547,"minecraft:mob_kills":7,"minecraft:damage_dealt":838,"minecraft:swim_one_cm":7269,"minecraft:interact_with_crafting_table":3,"minecraft:fly_one_cm":119904,"minecraft:open_chest":3,"minecraft:play_time":20823,"minecraft:sneak_time":38,"minecraft:walk_under_water_one_cm":1232,"minecraft:jump":849,"minecraft:leave_game":1,"minecraft:time_since_death":20823,"minecraft:walk_on_water_one_cm":7427,"minecraft:sleep_in_bed":2,"minecraft:total_world_time":20823,"minecraft:fall_one_cm":18655},"minecraft:killed":{"minecraft:sheep":5,"minecraft:cow":2},"minecraft:picked_up":{"minecraft:birch_log":5,"minecraft:crafting_table":1,"minecraft:sweet_berries":4,"minecraft:leather":4,"minecraft:spruce_sapling":1,"minecraft:loom":1,"minecraft:dirt":8,"minecraft:purple_bed":2,"minecraft:rotten_flesh":2,"minecraft:kelp":8,"minecraft:wheat_seeds":1,"minecraft:cartography_table":1,"minecraft:beef":4,"minecraft:rooted_dirt":9,"minecraft:poppy":1,"minecraft:white_terracotta":1,"minecraft:mutton":6,"minecraft:white_wool":4,"minecraft:cobblestone":6}},"DataVersion":3700}