{"stats":{"minecraft:dropped":{"minecraft:iron_ingot":1,"minecraft:iron_sword":3,"minecraft:diamond_leggings":1,"minecraft:chicken":1,"minecraft:emerald":11,"minecraft:dirt":2,"minecraft:golden_sword":2,"minecraft:diamond_boots":1,"minecraft:string":48},"minecraft:mined":{"minecraft:brown_mushroom":1,"minecraft:kelp_plant":3,"minecraft:crafting_table":5,"minecraft:short_grass":85,"minecraft:grass_block":29,"minecraft:poppy":1,"minecraft:dead_bush":1,"minecraft:tall_grass":10,"minecraft:spruce_leaves":19,"minecraft:kelp":2,"minecraft:cartography_table":1,"minecraft:rooted_dirt":9,"minecraft:large_fern":5,"minecraft:seagrass":1,"minecraft:white_terracotta":1,"minecraft:purple_bed":5,"minecraft:birch_log":5,"minecraft:sweet_berry_bush":14,"minecraft:spruce_log":6,"minecraft:sand":102,"minecraft:oak_log":1,"minecraft:dirt":29,"minecraft:loom":1,"minecraft:stone_bricks":1,"minecraft:stone":7,"minecraft:fern":2},"minecraft:used":{"minecraft:cooked_mutton":6,"minecraft:birch_planks":6,"minecraft:stone_pickaxe":57,"minecraft:cartography_table":1,"minecraft:poppy":1,"minecraft:spruce_chest_boat":7,"minecraft:shield":11,"minecraft:wooden_pickaxe":13,"minecraft:iron_sword":13,"minecraft:leather_boots":1,"minecraft:iron_chestplate":1,"minecraft:dirt":55,"minecraft:white_carpet":5,"minecraft:crafting_table":8,"minecraft:shears":1,"minecraft:stone_brick_slab":64,"minecraft:diamond_shovel":104,"minecraft:bread":16,"minecraft:iron_helmet":1,"minecraft:stone_bricks":9,"minecraft:birch_button":1,"minecraft:golden_sword":4,"minecraft:scaffolding":6,"minecraft:cobblestone":2,"minecraft:beef":4,"minecraft:sweet_berries":27,"minecraft:purple_bed":5},"minecraft:crafted":{"minecraft:oak_planks":4,"minecraft:emerald":10,"minecraft:leather_boots":1,"minecraft:crafting_table":3,"minecraft:spruce_planks":24,"minecraft:baked_potato":19,"minecraft:wooden_pickaxe":1,"minecraft:spruce_chest_boat":1,"minecraft:birch_planks":20,"minecraft:white_carpet":6,"minecraft:air":0,"minecraft:white_wool":28,"minecraft:shield":1,"minecraft:stick":8,"minecraft:stone_pickaxe":1,"minecraft:chest":1,"minecraft:spruce_boat":1,"minecraft:birch_button":1,"minecraft:golden_sword":1},"minecraft:custom":{"minecraft:interact_with_furnace":2,"minecraft:interact_with_anvil":2,"minecraft:mob_kills":11,"minecraft:inspect_hopper":1,"minecraft:traded_with_villager":10,"minecraft:interact_with_crafting_table":13,"minecraft:interact_with_cartography_table":2,"minecraft:interact_with_campfire":6,"minecraft:bell_ring":4,"minecraft:interact_with_grindstone":1,"minecraft:interact_with_stonecutter":1,"minecraft:leave_game":4,"minecraft:climb_one_cm":206,"minecraft:time_since_death":90355,"minecraft:sleep_in_bed":6,"minecraft:time_since_rest":11754,"minecraft:sprint_one_cm":237473,"minecraft:damage_taken":920,"minecraft:walk_one_cm":121977,"minecraft:damage_blocked_by_shield":1142,"minecraft:drop":13,"minecraft:damage_dealt":1566,"minecraft:swim_one_cm":11686,"minecraft:talked_to_villager":17,"minecraft:fly_one_cm":463979,"minecraft:open_chest":56,"minecraft:crouch_one_cm":357,"minecraft:play_time":90355,"minecraft:sneak_time":463,"minecraft:walk_under_water_one_cm":4990,"minecraft:boat_one_cm":250502,"minecraft:jump":2557,"minecraft:walk_on_water_one_cm":26578,"minecraft:total_world_time":90355,"minecraft:fall_one_cm":63626},"minecraft:killed":{"minecraft:pig":1,"minecraft:zombified_piglin":1,"minecraft:creeper":1,"minecraft:sheep":5,"minecraft:chicken":1,"minecraft:cow":2},"minecraft:picked_up":{"minecraft:birch_log":5,"minecraft:iron_chestplate":1,"minecraft:crafting_table":6,"minecraft:feather":2,"minecraft:chicken":1,"minecraft:golden_carrot":2,"minecraft:leather":4,"minecraft:oak_log":1,"minecraft:golden_sword":2,"minecraft:string":76,"minecraft:dirt":59,"minecraft:spruce_chest_boat":6,"minecraft:cooked_mutton":6,"minecraft:beetroot":1,"minecraft:stone_bricks":9,"minecraft:kelp":8,"minecraft:diamond_leggings":1,"minecraft:wheat_seeds":14,"minecraft:cartography_table":1,"minecraft:iron_ingot":1,"minecraft:beef":4,"minecraft:bamboo":3,"minecraft:poppy":1,"minecraft:iron_sword":3,"minecraft:scaffolding":67,"minecraft:sweet_berries":4,"minecraft:stone_brick_slab":64,"minecraft:sand":102,"minecraft:porkchop":3,"minecraft:spruce_sapling":3,"minecraft:spruce_log":6,"minecraft:loom":1,"minecraft:diamond_shovel":1,"minecraft:purple_bed":5,"minecraft:rotten_flesh":2,"minecraft:beetroot_seeds":3,"minecraft:diamond_boots":2,"minecraft:iron_helmet":1,"minecraft:white_terracotta":1,"minecraft:rooted_dirt":9,"minecraft:mutton":6,"minecraft:white_wool":4,"minecraft:cobblestone":7}},"DataVersion":3700}