{"stats":{"minecraft:dropped":{"minecraft:enchanted_book":7,"minecraft:iron_ingot":1,"minecraft:iron_sword":7,"minecraft:diamond_leggings":4,"minecraft:iron_helmet":1,"minecraft:lantern":36,"minecraft:emerald":12,"minecraft:music_disc_13":1,"minecraft:stick":8,"minecraft:lava_bucket":1,"minecraft:dirt":84,"minecraft:iron_leggings":3,"minecraft:iron_axe":14,"minecraft:chainmail_leggings":1,"minecraft:string":112,"minecraft:white_wool":1,"minecraft:lever":2,"minecraft:chicken":2,"minecraft:rotten_flesh":34,"minecraft:iron_boots":11,"minecraft:carrot":160,"minecraft:deepslate_bricks":195,"minecraft:shield":8,"minecraft:iron_chestplate":1,"minecraft:cod_bucket":1,"minecraft:chest":1,"minecraft:chainmail_boots":7,"minecraft:golden_sword":3,"minecraft:bamboo":3,"minecraft:diamond_boots":4,"minecraft:wooden_pickaxe":5,"minecraft:glass":65,"minecraft:bell":1},"minecraft:broken":{"minecraft:wooden_pickaxe":1,"minecraft:stone_pickaxe":1},"minecraft:crafted":{"minecraft:golden_carrot":1,"minecraft:oak_planks":52,"minecraft:jukebox":1,"minecraft:leather_boots":1,"minecraft:white_carpet":48,"minecraft:bookshelf":3,"minecraft:hopper":2,"minecraft:diamond_helmet":1,"minecraft:bow":1,"minecraft:iron_boots":17,"minecraft:iron_axe":46,"minecraft:stone_pickaxe":1,"minecraft:chest":1,"minecraft:spruce_boat":1,"minecraft:cod_bucket":1,"minecraft:birch_button":1,"minecraft:golden_sword":1,"minecraft:diamond_sword":1,"minecraft:emerald":539,"minecraft:crafting_table":4,"minecraft:spruce_planks":24,"minecraft:wooden_pickaxe":1,"minecraft:baked_potato":19,"minecraft:spruce_chest_boat":1,"minecraft:birch_planks":20,"minecraft:enchanted_book":10,"minecraft:air":0,"minecraft:white_wool":28,"minecraft:shield":11,"minecraft:stick":80,"minecraft:chainmail_boots":12,"minecraft:torch":16,"minecraft:diamond_chestplate":1},"minecraft:killed":{"minecraft:zombified_piglin":1,"minecraft:skeleton":3,"minecraft:chicken":2,"minecraft:pig":6,"minecraft:salmon":1,"minecraft:iron_golem":1,"minecraft:creeper":3,"minecraft:sheep":7,"minecraft:zombie":9,"minecraft:cow":2},"minecraft:mined":{"minecraft:tuff":2,"minecraft:grass_block":42,"minecraft:spruce_leaves":19,"minecraft:cartography_table":1,"minecraft:kelp":2,"minecraft:rooted_dirt":9,"minecraft:large_fern":5,"minecraft:barrel":3,"minecraft:bookshelf":3,"minecraft:dirt_path":3,"minecraft:rail":98,"minecraft:stone":8,"minecraft:tripwire":6,"minecraft:scaffolding":15,"minecraft:brown_mushroom":1,"minecraft:kelp_plant":3,"minecraft:stone_brick_slab":1,"minecraft:crafting_table":5,"minecraft:short_grass":110,"minecraft:poppy":2,"minecraft:chest":4,"minecraft:dead_bush":1,"minecraft:glass":3,"minecraft:tall_grass":14,"minecraft:seagrass":1,"minecraft:white_terracotta":1,"minecraft:purple_bed":5,"minecraft:powered_rail":7,"minecraft:birch_log":5,"minecraft:sweet_berry_bush":14,"minecraft:white_carpet":42,"minecraft:spruce_log":6,"minecraft:oak_log":16,"minecraft:coal_ore":4,"minecraft:loom":1,"minecraft:sand":102,"minecraft:dirt":88,"minecraft:stone_bricks":1,"minecraft:fern":2},"minecraft:used":{"minecraft:oak_trapdoor":1,"minecraft:poppy":1,"minecraft:chest":5,"minecraft:shield":11,"minecraft:iron_sword":112,"minecraft:netherrack":1,"minecraft:iron_chestplate":2,"minecraft:torch":16,"minecraft:dirt":103,"minecraft:white_carpet":49,"minecraft:hopper":2,"minecraft:carrot":91,"minecraft:diamond_helmet":1,"minecraft:tuff":2,"minecraft:cod_bucket":1,"minecraft:music_disc_13":1,"minecraft:glass":2,"minecraft:stone_brick_slab":65,"minecraft:bookshelf":3,"minecraft:iron_axe":24,"minecraft:rooted_dirt":9,"minecraft:iron_helmet":1,"minecraft:barrel":4,"minecraft:stone_bricks":9,"minecraft:diamond_chestplate":2,"minecraft:birch_button":1,"minecraft:golden_sword":4,"minecraft:beef":4,"minecraft:sweet_berries":27,"minecraft:scaffolding":83,"minecraft:minecart":2,"minecraft:egg":4,"minecraft:cooked_mutton":6,"minecraft:diamond_boots":4,"minecraft:birch_planks":6,"minecraft:stone_pickaxe":121,"minecraft:powered_rail":7,"minecraft:baked_potato":19,"minecraft:spruce_chest_boat":8,"minecraft:cartography_table":1,"minecraft:wooden_pickaxe":58,"minecraft:leather_boots":1,"minecraft:rail":119,"minecraft:crafting_table":9,"minecraft:shears":10,"minecraft:apple":1,"minecraft:diamond_shovel":170,"minecraft:bread":18,"minecraft:string":8,"minecraft:cobblestone":2,"minecraft:purple_bed":5,"minecraft:porkchop":3,"minecraft:bucket":2,"minecraft:diamond_leggings":2,"minecraft:jukebox":1},"minecraft:custom":{"minecraft:interact_with_anvil":18,"minecraft:mob_kills":36,"minecraft:inspect_hopper":13,"minecraft:interact_with_crafting_table":22,"minecraft:open_barrel":5,"minecraft:interact_with_campfire":6,"minecraft:bell_ring":4,"minecraft:leave_game":9,"minecraft:time_since_death":404735,"minecraft:climb_one_cm":36369,"minecraft:sprint_one_cm":855807,"minecraft:walk_one_cm":453670,"minecraft:damage_blocked_by_shield":1142,"minecraft:drop":185,"minecraft:talked_to_villager":252,"minecraft:play_time":404735,"minecraft:sneak_time":8240,"minecraft:walk_under_water_one_cm":10042,"minecraft:boat_one_cm":317390,"minecraft:jump":9018,"minecraft:walk_on_water_one_cm":563057,"minecraft:total_world_time":404735,"minecraft:interact_with_furnace":5,"minecraft:play_record":1,"minecraft:traded_with_villager":641,"minecraft:interact_with_cartography_table":2,"minecraft:interact_with_stonecutter":1,"minecraft:interact_with_grindstone":6,"minecraft:sleep_in_bed":23,"minecraft:time_since_rest":1006,"minecraft:damage_taken":3275,"minecraft:damage_dealt":5510,"minecraft:swim_one_cm":34682,"minecraft:fly_one_cm":1861477,"minecraft:open_chest":187,"minecraft:crouch_one_cm":5356,"minecraft:fall_one_cm":227449,"minecraft:horse_one_cm":676046},"minecraft:picked_up":{"minecraft:iron_chestplate":2,"minecraft:crafting_table":6,"minecraft:wheat":4,"minecraft:chainmail_boots":21,"minecraft:chicken":2,"minecraft:lead":4,"minecraft:shield":18,"minecraft:golden_sword":4,"minecraft:cod_bucket":1,"minecraft:string":2515,"minecraft:iron_axe":22,"minecraft:spruce_chest_boat":7,"minecraft:iron_leggings":7,"minecraft:white_carpet":42,"minecraft:beetroot":1,"minecraft:diamond_leggings":4,"minecraft:cartography_table":1,"minecraft:beef":4,"minecraft:poppy":3,"minecraft:spruce_slab":22,"minecraft:lectern":1,"minecraft:chest":8,"minecraft:iron_boots":17,"minecraft:egg":6,"minecraft:stick":71,"minecraft:torch":64,"minecraft:porkchop":9,"minecraft:carrot":255,"minecraft:arrow":5,"minecraft:rotten_flesh":30,"minecraft:beetroot_seeds":6,"minecraft:diamond_boots":5,"minecraft:deepslate_bricks":75,"minecraft:white_terracotta":1,"minecraft:mutton":7,"minecraft:rail":97,"minecraft:white_wool":6,"minecraft:cobblestone":27,"minecraft:birch_log":5,"minecraft:magma_block":1,"minecraft:feather":6,"minecraft:golden_carrot":2,"minecraft:leather":4,"minecraft:tuff":2,"minecraft:oak_log":13,"minecraft:dirt":190,"minecraft:lantern":72,"minecraft:leather_boots":1,"minecraft:cooked_mutton":6,"minecraft:glass":237,"minecraft:bone":7,"minecraft:stone_bricks":9,"minecraft:kelp":15,"minecraft:wheat_seeds":15,"minecraft:bell":2,"minecraft:iron_ingot":15,"minecraft:bamboo":9,"minecraft:powered_rail":6,"minecraft:iron_sword":7,"minecraft:book":10,"minecraft:scaffolding":137,"minecraft:sweet_berries":4,"minecraft:music_disc_13":2,"minecraft:stone_brick_slab":65,"minecraft:dandelion":1,"minecraft:sand":102,"minecraft:spruce_sapling":6,"minecraft:spruce_log":6,"minecraft:loom":2,"minecraft:barrel":4,"minecraft:diamond_shovel":1,"minecraft:purple_bed":5,"minecraft:lever":4,"minecraft:chainmail_leggings":6,"minecraft:iron_helmet":2,"minecraft:emerald":30,"minecraft:rooted_dirt":9,"minecraft:oak_sapling":2,"minecraft:netherrack":1,"minecraft:coal":4}},"DataVersion":3700}