{"stats":{"minecraft:broken":{"minecraft:iron_shovel":6,"minecraft:stone_pickaxe":1,"minecraft:fishing_rod":2,"minecraft:shield":1,"minecraft:iron_pickaxe":6,"minecraft:iron_helmet":1},"minecraft:dropped":{"minecraft:iron_sword":1,"minecraft:dirt":3,"minecraft:iron_pickaxe":2,"minecraft:stone_axe":1,"minecraft:cooked_chicken":2,"minecraft:cobbled_deepslate":10,"minecraft:rotten_flesh":4,"minecraft:diamond_shovel":1,"minecraft:carrot":612,"minecraft:scaffolding":64,"minecraft:iron_ingot":1,"minecraft:bread":69,"minecraft:wheat_seeds":3,"minecraft:poisonous_potato":2,"minecraft:iron_helmet":2,"minecraft:cobblestone":1,"minecraft:oxeye_daisy":1,"minecraft:golden_carrot":2,"minecraft:diorite":1,"minecraft:torch":1,"minecraft:iron_axe":2,"minecraft:string":3,"minecraft:bucket":3,"minecraft:stone_brick_slab":64,"minecraft:dandelion":1,"minecraft:stone_sword":2,"minecraft:tuff":2,"minecraft:chicken":1,"minecraft:potato":158,"minecraft:shield":1,"minecraft:iron_chestplate":2,"minecraft:andesite":26,"minecraft:stone_bricks":8,"minecraft:diamond_boots":1,"minecraft:wooden_pickaxe":1},"minecraft:mined":{"minecraft:spruce_planks":1,"minecraft:white_bed":36,"minecraft:cobblestone_stairs":11,"minecraft:brewing_stand":2,"minecraft:spruce_trapdoor":3,"minecraft:granite":40,"minecraft:grass_block":1369,"minecraft:composter":6,"minecraft:hopper":4,"minecraft:oxeye_daisy":2,"minecraft:nether_wart":16,"minecraft:magma_block":2,"minecraft:iron_ore":184,"minecraft:fire":13,"minecraft:barrel":3,"minecraft:anvil":2,"minecraft:fletching_table":10,"minecraft:deepslate_lapis_ore":2,"minecraft:nether_brick_stairs":1,"minecraft:azure_bluet":3,"minecraft:dirt_path":3,"minecraft:oak_stairs":1,"minecraft:spruce_slab":3,"minecraft:tripwire":21,"minecraft:deepslate_redstone_ore":9,"minecraft:blackstone":7,"minecraft:amethyst_cluster":5,"minecraft:torch":36,"minecraft:note_block":2,"minecraft:blast_furnace":4,"minecraft:calcite":3,"minecraft:poppy":22,"minecraft:chest":11,"minecraft:dead_bush":39,"minecraft:glass":16,"minecraft:nether_quartz_ore":15,"minecraft:cobblestone":208,"minecraft:oak_planks":6,"minecraft:sugar_cane":509,"minecraft:grindstone":4,"minecraft:iron_door":3,"minecraft:wall_torch":41,"minecraft:seagrass":1,"minecraft:powered_rail":37,"minecraft:yellow_wool":8,"minecraft:birch_log":1,"minecraft:wheat":32,"minecraft:oak_log":186,"minecraft:beetroots":2,"minecraft:sand":184,"minecraft:dirt":380,"minecraft:smooth_basalt":6,"minecraft:dispenser":1,"minecraft:netherrack":80,"minecraft:oak_leaves":22,"minecraft:deepslate":737,"minecraft:deepslate_tiles":49,"minecraft:tuff":133,"minecraft:mossy_cobblestone":25,"minecraft:deepslate_diamond_ore":8,"minecraft:lever":11,"minecraft:nether_bricks":16,"minecraft:redstone_wire":1,"minecraft:spruce_leaves":116,"minecraft:hay_block":17,"minecraft:redstone_ore":4,"minecraft:oak_trapdoor":5,"minecraft:furnace":6,"minecraft:spruce_sapling":12,"minecraft:heavy_weighted_pressure_plate":1,"minecraft:carrots":346,"minecraft:andesite":88,"minecraft:gold_block":1,"minecraft:bell":1,"minecraft:nether_brick_fence":7,"minecraft:bookshelf":27,"minecraft:potatoes":117,"minecraft:deepslate_iron_ore":62,"minecraft:cobblestone_slab":6,"minecraft:rail":151,"minecraft:lantern":1,"minecraft:bamboo_sapling":2,"minecraft:bamboo":29,"minecraft:stone":1647,"minecraft:white_wool":8,"minecraft:scaffolding":39,"minecraft:soul_sand":10,"minecraft:stone_brick_slab":3,"minecraft:basalt":56,"minecraft:dandelion":70,"minecraft:observer":3,"minecraft:oak_fence":5,"minecraft:crafting_table":16,"minecraft:cornflower":24,"minecraft:short_grass":666,"minecraft:emerald_ore":1,"minecraft:lectern":332,"minecraft:campfire":1,"minecraft:copper_ore":9,"minecraft:tall_grass":41,"minecraft:deepslate_coal_ore":2,"minecraft:lapis_ore":8,"minecraft:deepslate_gold_ore":87,"minecraft:diorite":55,"minecraft:redstone_torch":2,"minecraft:spruce_log":623,"minecraft:yellow_bed":1,"minecraft:coal_ore":447,"minecraft:gravel":127,"minecraft:cobweb":5,"minecraft:stone_bricks":4,"minecraft:gold_ore":7,"minecraft:iron_trapdoor":1},"minecraft:used":{"minecraft:beetroot":2,"minecraft:iron_shovel":1642,"minecraft:dispenser":2,"minecraft:spruce_slab":10,"minecraft:poppy":4,"minecraft:shield":174,"minecraft:chest":45,"minecraft:stone":4,"minecraft:iron_sword":252,"minecraft:nether_wart":16,"minecraft:rotten_flesh":1,"minecraft:iron_chestplate":2,"minecraft:soul_sand":10,"minecraft:mutton":3,"minecraft:nether_bricks":12,"minecraft:carrot":423,"minecraft:tuff":9,"minecraft:azure_bluet":2,"minecraft:obsidian":9,"minecraft:glass":35,"minecraft:lava_bucket":2,"minecraft:lantern":37,"minecraft:iron_helmet":2,"minecraft:hopper_minecart":2,"minecraft:stone_bricks":73,"minecraft:scaffolding":68,"minecraft:oak_sapling":11,"minecraft:furnace":9,"minecraft:beetroot_seeds":6,"minecraft:egg":15,"minecraft:potato":167,"minecraft:diamond_boots":1,"minecraft:stone_pickaxe":136,"minecraft:powered_rail":64,"minecraft:oak_planks":21,"minecraft:blackstone":5,"minecraft:wooden_pickaxe":26,"minecraft:composter":4,"minecraft:sugar_cane":192,"minecraft:white_wool":3,"minecraft:sand":1,"minecraft:blast_furnace":7,"minecraft:note_block":3,"minecraft:shears":25,"minecraft:deepslate_tiles":452,"minecraft:redstone_torch":9,"minecraft:lever":16,"minecraft:string":52,"minecraft:heavy_weighted_pressure_plate":3,"minecraft:lectern":344,"minecraft:iron_door":4,"minecraft:diamond_sword":159,"minecraft:grindstone":8,"minecraft:andesite":13,"minecraft:oak_boat":13,"minecraft:bone_meal":32,"minecraft:oak_fence":4,"minecraft:oak_trapdoor":10,"minecraft:enchanting_table":1,"minecraft:stone_sword":4,"minecraft:flint_and_steel":2,"minecraft:redstone":2,"minecraft:spruce_planks":2,"minecraft:cooked_chicken":1,"minecraft:netherrack":61,"minecraft:torch":700,"minecraft:brewing_stand":2,"minecraft:dirt":1011,"minecraft:anvil":3,"minecraft:wheat":4,"minecraft:white_carpet":3,"minecraft:hopper":10,"minecraft:yellow_carpet":1,"minecraft:granite":3,"minecraft:spruce_fence":1,"minecraft:iron_hoe":161,"minecraft:stone_brick_slab":3,"minecraft:bookshelf":30,"minecraft:oak_stairs":1,"minecraft:iron_axe":1711,"minecraft:iron_boots":1,"minecraft:barrel":6,"minecraft:smooth_basalt":4,"minecraft:bamboo":32,"minecraft:tripwire_hook":2,"minecraft:basalt":7,"minecraft:golden_carrot":73,"minecraft:iron_trapdoor":2,"minecraft:minecart":31,"minecraft:cooked_beef":27,"minecraft:cobbled_deepslate":66,"minecraft:observer":4,"minecraft:iron_leggings":1,"minecraft:calcite":1,"minecraft:wheat_seeds":23,"minecraft:cooked_mutton":37,"minecraft:water_bucket":98,"minecraft:cobblestone_stairs":165,"minecraft:glass_bottle":3,"minecraft:baked_potato":9,"minecraft:spruce_sign":5,"minecraft:fletching_table":10,"minecraft:stonecutter":2,"minecraft:cobblestone_slab":80,"minecraft:rail":246,"minecraft:crafting_table":26,"minecraft:white_bed":59,"minecraft:campfire":2,"minecraft:spruce_log":1,"minecraft:oak_log":3,"minecraft:cornflower":5,"minecraft:diamond_pickaxe":2212,"minecraft:oxeye_daisy":1,"minecraft:diamond_shovel":139,"minecraft:iron_pickaxe":2061,"minecraft:map":1,"minecraft:spruce_pressure_plate":3,"minecraft:stone_slab":1,"minecraft:spruce_trapdoor":53,"minecraft:spruce_sapling":58,"minecraft:yellow_wool":2,"minecraft:stone_axe":25,"minecraft:fishing_rod":239,"minecraft:cobblestone":732,"minecraft:cooked_porkchop":54,"minecraft:bucket":101,"minecraft:yellow_bed":2,"minecraft:dandelion":17,"minecraft:diamond_leggings":1,"minecraft:smooth_stone":1},"minecraft:custom":{"minecraft:interact_with_crafting_table":226,"minecraft:leave_game":42,"minecraft:time_since_death":1734500,"minecraft:sprint_one_cm":3662734,"minecraft:damage_blocked_by_shield":8538,"minecraft:drop":706,"minecraft:play_noteblock":4,"minecraft:talked_to_villager":830,"minecraft:play_time":1734500,"minecraft:jump":21206,"minecraft:interact_with_brewingstand":9,"minecraft:walk_on_water_one_cm":273273,"minecraft:enchant_item":10,"minecraft:interact_with_furnace":193,"minecraft:traded_with_villager":1392,"minecraft:sleep_in_bed":115,"minecraft:damage_dealt":54841,"minecraft:crouch_one_cm":228513,"minecraft:inspect_dispenser":5,"minecraft:horse_one_cm":4171,"minecraft:interact_with_anvil":20,"minecraft:mob_kills":320,"minecraft:inspect_hopper":32,"minecraft:interact_with_campfire":80,"minecraft:climb_one_cm":51276,"minecraft:walk_one_cm":3831984,"minecraft:sneak_time":93996,"minecraft:walk_under_water_one_cm":70668,"minecraft:boat_one_cm":1298315,"minecraft:interact_with_blast_furnace":5,"minecraft:total_world_time":1806822,"minecraft:tune_noteblock":37636,"minecraft:interact_with_stonecutter":16,"minecraft:interact_with_grindstone":5,"minecraft:time_since_rest":11660,"minecraft:damage_taken":8371,"minecraft:minecart_one_cm":119559,"minecraft:swim_one_cm":335139,"minecraft:fly_one_cm":4533449,"minecraft:open_chest":758,"minecraft:fish_caught":168,"minecraft:fall_one_cm":372948},"minecraft:crafted":{"minecraft:grindstone":4,"minecraft:oak_planks":708,"minecraft:smooth_stone":9,"minecraft:cobblestone_slab":6,"minecraft:barrel":3,"minecraft:blaze_powder":22,"minecraft:cooked_chicken":1,"minecraft:stone":19,"minecraft:lever":5,"minecraft:diamond_shovel":1,"minecraft:bookshelf":43,"minecraft:heavy_weighted_pressure_plate":1,"minecraft:spruce_pressure_plate":3,"minecraft:cooked_mutton":6,"minecraft:glass":72,"minecraft:hopper":7,"minecraft:diamond_leggings":2,"minecraft:bow":1,"minecraft:iron_boots":4,"minecraft:chest":41,"minecraft:iron_door":3,"minecraft:rail":112,"minecraft:oak_fence":3,"minecraft:glass_bottle":3,"minecraft:emerald":1217,"minecraft:cooked_porkchop":22,"minecraft:crafting_table":10,"minecraft:spruce_planks":1860,"minecraft:iron_helmet":8,"minecraft:wooden_pickaxe":1,"minecraft:baked_potato":20,"minecraft:hopper_minecart":1,"minecraft:fletching_table":4,"minecraft:birch_planks":4,"minecraft:hay_block":2,"minecraft:brewing_stand":1,"minecraft:campfire":2,"minecraft:dispenser":1,"minecraft:spruce_trapdoor":50,"minecraft:smooth_basalt":1,"minecraft:lectern":13,"minecraft:iron_chestplate":7,"minecraft:book":22,"minecraft:paper":552,"minecraft:diamond_pickaxe":2,"minecraft:shield":12,"minecraft:stick":3403,"minecraft:stone_slab":12,"minecraft:iron_ingot":276,"minecraft:iron_pickaxe":9,"minecraft:iron_block":3,"minecraft:stone_sword":1,"minecraft:gold_ingot":105,"minecraft:pink_tulip":1,"minecraft:redstone_torch":7,"minecraft:composter":1,"minecraft:shears":2,"minecraft:golden_carrot":75,"minecraft:fishing_rod":5,"minecraft:tripwire_hook":2,"minecraft:iron_nugget":9,"minecraft:pointed_dripstone":2,"minecraft:furnace":6,"minecraft:blast_furnace":3,"minecraft:yellow_bed":1,"minecraft:bone_meal":27,"minecraft:spruce_fence":6,"minecraft:white_carpet":3,"minecraft:oak_trapdoor":6,"minecraft:flint_and_steel":1,"minecraft:scaffolding":222,"minecraft:lantern":36,"minecraft:iron_axe":42,"minecraft:spruce_slab":102,"minecraft:iron_hoe":2,"minecraft:stone_pickaxe":1,"minecraft:diamond_boots":2,"minecraft:chainmail_leggings":6,"minecraft:minecart":4,"minecraft:observer":1,"minecraft:wheat":153,"minecraft:cooked_beef":23,"minecraft:sugar":31,"minecraft:diamond_sword":1,"minecraft:iron_trapdoor":1,"minecraft:spruce_sign":6,"minecraft:enchanting_table":1,"minecraft:powered_rail":36,"minecraft:yellow_carpet":3,"minecraft:iron_sword":6,"minecraft:bell":1,"minecraft:bucket":4,"minecraft:stone_axe":1,"minecraft:enchanted_book":23,"minecraft:air":0,"minecraft:bread":51,"minecraft:oak_boat":2,"minecraft:gold_nugget":603,"minecraft:chainmail_boots":6,"minecraft:iron_shovel":7,"minecraft:iron_leggings":13,"minecraft:stonecutter":2,"minecraft:anvil":1,"minecraft:white_bed":23,"minecraft:note_block":1,"minecraft:torch":604},"minecraft:killed":{"minecraft:cave_spider":1,"minecraft:zombified_piglin":1,"minecraft:spider":73,"minecraft:skeleton":25,"minecraft:chicken":3,"minecraft:pig":32,"minecraft:zombie_villager":6,"minecraft:iron_golem":1,"minecraft:creeper":9,"minecraft:sheep":28,"minecraft:trader_llama":8,"minecraft:zombie":63,"minecraft:blaze":27,"minecraft:cow":20,"minecraft:drowned":2,"minecraft:wandering_trader":4,"minecraft:wither_skeleton":4,"minecraft:villager":6,"minecraft:enderman":3},"minecraft:picked_up":{"minecraft:wheat":13,"minecraft:nether_brick_fence":6,"minecraft:iron_trapdoor":1,"minecraft:anvil":2,"minecraft:yellow_wool":8,"minecraft:lead":11,"minecraft:oak_stairs":1,"minecraft:brewing_stand":2,"minecraft:string":10285,"minecraft:raw_copper":29,"minecraft:pufferfish":5,"minecraft:beetroot":2,"minecraft:deepslate_tiles":49,"minecraft:cobbled_deepslate":718,"minecraft:gold_nugget":1,"minecraft:smooth_stone":1,"minecraft:bucket":4,"minecraft:spruce_planks":10,"minecraft:hopper_minecart":1,"minecraft:redstone_torch":2,"minecraft:cobblestone_slab":6,"minecraft:calcite":1,"minecraft:iron_pickaxe":2,"minecraft:furnace":6,"minecraft:golden_helmet":1,"minecraft:stick":111,"minecraft:composter":6,"minecraft:oak_fence":5,"minecraft:torch":101,"minecraft:porkchop":63,"minecraft:diorite":60,"minecraft:stone_sword":1,"minecraft:rotten_flesh":61,"minecraft:blaze_rod":12,"minecraft:cod":33,"minecraft:cobblestone":1254,"minecraft:birch_log":1,"minecraft:magma_block":3,"minecraft:feather":5,"minecraft:cooked_beef":7,"minecraft:iron_door":3,"minecraft:andesite":98,"minecraft:potato":427,"minecraft:flint":9,"minecraft:tuff":128,"minecraft:lantern":1,"minecraft:lapis_lazuli":63,"minecraft:dirt":1769,"minecraft:bone":29,"minecraft:bow":1,"minecraft:wheat_seeds":157,"minecraft:raw_gold":94,"minecraft:bell":1,"minecraft:grindstone":4,"minecraft:fletching_table":10,"minecraft:bamboo":358,"minecraft:powered_rail":37,"minecraft:oak_planks":5,"minecraft:cooked_porkchop":39,"minecraft:music_disc_13":1,"minecraft:poisonous_potato":2,"minecraft:sand":149,"minecraft:grass_block":2,"minecraft:barrel":3,"minecraft:mossy_cobblestone":25,"minecraft:dispenser":1,"minecraft:diamond":11,"minecraft:lever":12,"minecraft:granite":69,"minecraft:bone_meal":5,"minecraft:emerald":12,"minecraft:bread":19,"minecraft:oak_sapling":32,"minecraft:netherrack":71,"minecraft:crafting_table":17,"minecraft:charcoal":2,"minecraft:azure_bluet":3,"minecraft:chicken":6,"minecraft:nether_wart":16,"minecraft:wooden_pickaxe":1,"minecraft:gold_block":1,"minecraft:heavy_weighted_pressure_plate":2,"minecraft:cornflower":25,"minecraft:oak_trapdoor":5,"minecraft:iron_axe":2,"minecraft:blackstone":5,"minecraft:beef":38,"minecraft:oak_boat":12,"minecraft:observer":3,"minecraft:poppy":23,"minecraft:light_gray_wool":1,"minecraft:spruce_slab":2,"minecraft:minecart":31,"minecraft:lectern":332,"minecraft:sugar_cane":778,"minecraft:chest":11,"minecraft:spruce_trapdoor":3,"minecraft:egg":16,"minecraft:raw_iron":274,"minecraft:stone":647,"minecraft:copper_ingot":1,"minecraft:note_block":2,"minecraft:carrot":1269,"minecraft:redstone":80,"minecraft:arrow":17,"minecraft:beetroot_seeds":6,"minecraft:nether_bricks":15,"minecraft:hay_block":17,"minecraft:mutton":45,"minecraft:rail":151,"minecraft:white_wool":99,"minecraft:oxeye_daisy":2,"minecraft:basalt":51,"minecraft:glow_ink_sac":3,"minecraft:tripwire_hook":3,"minecraft:salmon":12,"minecraft:leather":28,"minecraft:oak_log":186,"minecraft:lily_pad":3,"minecraft:yellow_bed":1,"minecraft:golden_boots":1,"minecraft:gunpowder":4,"minecraft:cobblestone_stairs":11,"minecraft:cooked_mutton":32,"minecraft:stone_bricks":4,"minecraft:apple":8,"minecraft:iron_ingot":6,"minecraft:stone_pickaxe":1,"minecraft:cooked_chicken":2,"minecraft:iron_sword":1,"minecraft:soul_sand":10,"minecraft:book":81,"minecraft:scaffolding":42,"minecraft:smooth_basalt":6,"minecraft:stone_brick_slab":3,"minecraft:quartz":15,"minecraft:dandelion":80,"minecraft:gravel":190,"minecraft:amethyst_shard":20,"minecraft:spruce_sapling":85,"minecraft:blast_furnace":4,"minecraft:white_bed":36,"minecraft:spruce_log":621,"minecraft:spider_eye":24,"minecraft:gray_wool":1,"minecraft:coal":795,"minecraft:hopper":4,"minecraft:ender_pearl":2}},"DataVersion":3700}