{"stats":{"minecraft:mined":{"minecraft:spruce_planks":1,"minecraft:white_bed":36,"minecraft:cobblestone_stairs":11,"minecraft:brewing_stand":2,"minecraft:spruce_trapdoor":4,"minecraft:granite":40,"minecraft:grass_block":3166,"minecraft:deepslate_bricks":2,"minecraft:composter":6,"minecraft:hopper":6,"minecraft:oxeye_daisy":4,"minecraft:oak_wall_sign":2,"minecraft:nether_wart":18,"minecraft:magma_block":3,"minecraft:iron_ore":197,"minecraft:barrel":3,"minecraft:fire":13,"minecraft:anvil":2,"minecraft:deepslate_lapis_ore":2,"minecraft:fletching_table":10,"minecraft:azure_bluet":5,"minecraft:nether_brick_stairs":1,"minecraft:dirt_path":5,"minecraft:oak_stairs":2,"minecraft:spruce_slab":5,"minecraft:tripwire":28,"minecraft:deepslate_redstone_ore":9,"minecraft:blackstone":7,"minecraft:amethyst_cluster":5,"minecraft:torch":39,"minecraft:note_block":2,"minecraft:blast_furnace":4,"minecraft:poppy":23,"minecraft:calcite":3,"minecraft:chest":11,"minecraft:dead_bush":39,"minecraft:glass":89,"minecraft:cobblestone":214,"minecraft:spruce_wall_sign":5,"minecraft:nether_quartz_ore":15,"minecraft:oak_planks":7,"minecraft:sugar_cane":509,"minecraft:grindstone":4,"minecraft:iron_door":3,"minecraft:wall_torch":42,"minecraft:seagrass":1,"minecraft:powered_rail":73,"minecraft:yellow_wool":8,"minecraft:birch_log":1,"minecraft:wheat":32,"minecraft:oak_log":197,"minecraft:beetroots":2,"minecraft:sand":184,"minecraft:dirt":676,"minecraft:smooth_basalt":6,"minecraft:dispenser":1,"minecraft:netherrack":98,"minecraft:oak_leaves":24,"minecraft:deepslate":737,"minecraft:deepslate_tiles":50,"minecraft:tuff":133,"minecraft:mossy_cobblestone":25,"minecraft:deepslate_diamond_ore":8,"minecraft:nether_bricks":16,"minecraft:lever":14,"minecraft:ladder":2,"minecraft:spruce_fence":2,"minecraft:redstone_wire":1,"minecraft:spruce_leaves":116,"minecraft:rooted_dirt":9,"minecraft:hay_block":17,"minecraft:redstone_ore":4,"minecraft:oak_trapdoor":5,"minecraft:heavy_weighted_pressure_plate":1,"minecraft:spruce_sapling":12,"minecraft:furnace":6,"minecraft:carrots":471,"minecraft:andesite":88,"minecraft:gold_block":1,"minecraft:bell":1,"minecraft:nether_brick_fence":7,"minecraft:bookshelf":52,"minecraft:potatoes":133,"minecraft:cobblestone_slab":6,"minecraft:deepslate_iron_ore":62,"minecraft:rail":326,"minecraft:lantern":1,"minecraft:bamboo_sapling":2,"minecraft:bamboo":29,"minecraft:stone":1856,"minecraft:white_wool":8,"minecraft:scaffolding":216,"minecraft:soul_sand":12,"minecraft:dandelion":81,"minecraft:basalt":56,"minecraft:stone_brick_slab":5,"minecraft:observer":3,"minecraft:oak_fence":5,"minecraft:crafting_table":16,"minecraft:cornflower":25,"minecraft:short_grass":794,"minecraft:emerald_ore":1,"minecraft:campfire":1,"minecraft:lectern":332,"minecraft:copper_ore":9,"minecraft:tall_grass":44,"minecraft:deepslate_coal_ore":2,"minecraft:lapis_ore":8,"minecraft:deepslate_gold_ore":87,"minecraft:diorite":55,"minecraft:spruce_stairs":1,"minecraft:redstone_torch":10,"minecraft:white_carpet":1,"minecraft:spruce_log":623,"minecraft:yellow_bed":1,"minecraft:coal_ore":486,"minecraft:gravel":127,"minecraft:cobweb":5,"minecraft:spruce_fence_gate":3,"minecraft:stone_bricks":10,"minecraft:gold_ore":7,"minecraft:iron_trapdoor":1},"minecraft:picked_up":{"minecraft:wheat":13,"minecraft:chainmail_boots":16,"minecraft:iron_trapdoor":1,"minecraft:nether_brick_fence":6,"minecraft:anvil":2,"minecraft:yellow_wool":8,"minecraft:stone_slab":7,"minecraft:lead":16,"minecraft:oak_stairs":1,"minecraft:enchanted_book":8,"minecraft:brewing_stand":2,"minecraft:golden_sword":1,"minecraft:string":15412,"minecraft:raw_copper":29,"minecraft:iron_leggings":11,"minecraft:pufferfish":5,"minecraft:oak_sign":2,"minecraft:beetroot":3,"minecraft:deepslate_tiles":50,"minecraft:diamond_leggings":2,"minecraft:smooth_stone":4,"minecraft:gold_nugget":1,"minecraft:cobbled_deepslate":721,"minecraft:bucket":4,"minecraft:spruce_planks":13,"minecraft:redstone_torch":10,"minecraft:cobblestone_slab":6,"minecraft:calcite":1,"minecraft:iron_pickaxe":2,"minecraft:hopper_minecart":1,"minecraft:iron_boots":23,"minecraft:furnace":7,"minecraft:golden_helmet":1,"minecraft:stick":123,"minecraft:composter":7,"minecraft:oak_fence":5,"minecraft:torch":110,"minecraft:spruce_stairs":1,"minecraft:porkchop":69,"minecraft:diorite":60,"minecraft:stone_sword":1,"minecraft:rotten_flesh":108,"minecraft:white_terracotta":1,"minecraft:blaze_rod":12,"minecraft:cod":33,"minecraft:cobblestone":1280,"minecraft:birch_log":1,"minecraft:magma_block":4,"minecraft:feather":5,"minecraft:cooked_beef":7,"minecraft:iron_door":4,"minecraft:andesite":98,"minecraft:potato":541,"minecraft:flint":9,"minecraft:tuff":128,"minecraft:lapis_lazuli":63,"minecraft:dirt":2555,"minecraft:lantern":13,"minecraft:glass":399,"minecraft:bone":39,"minecraft:bow":1,"minecraft:wheat_seeds":213,"minecraft:raw_gold":94,"minecraft:bell":2,"minecraft:grindstone":4,"minecraft:fletching_table":10,"minecraft:bamboo":358,"minecraft:powered_rail":73,"minecraft:oak_planks":6,"minecraft:cooked_porkchop":39,"minecraft:music_disc_13":2,"minecraft:poisonous_potato":2,"minecraft:sand":149,"minecraft:grass_block":1429,"minecraft:barrel":3,"minecraft:mossy_cobblestone":25,"minecraft:spruce_fence_gate":3,"minecraft:dispenser":1,"minecraft:diamond":11,"minecraft:lever":20,"minecraft:granite":69,"minecraft:bone_meal":5,"minecraft:spruce_sign":6,"minecraft:emerald":13,"minecraft:bread":19,"minecraft:rooted_dirt":12,"minecraft:oak_sapling":35,"minecraft:netherrack":89,"minecraft:charcoal":2,"minecraft:crafting_table":17,"minecraft:azure_bluet":7,"minecraft:ladder":4,"minecraft:chicken":7,"minecraft:nether_wart":23,"minecraft:wooden_pickaxe":1,"minecraft:gold_block":1,"minecraft:shield":13,"minecraft:heavy_weighted_pressure_plate":2,"minecraft:cornflower":30,"minecraft:oak_trapdoor":5,"minecraft:iron_axe":46,"minecraft:white_carpet":5,"minecraft:blackstone":5,"minecraft:beef":38,"minecraft:oak_boat":12,"minecraft:observer":3,"minecraft:poppy":31,"minecraft:light_gray_wool":1,"minecraft:spruce_slab":2,"minecraft:minecart":45,"minecraft:lectern":332,"minecraft:sugar_cane":778,"minecraft:chest":12,"minecraft:spruce_trapdoor":5,"minecraft:egg":19,"minecraft:raw_iron":295,"minecraft:stone":835,"minecraft:copper_ingot":1,"minecraft:note_block":2,"minecraft:spruce_fence":2,"minecraft:carrot":1832,"minecraft:redstone":145,"minecraft:arrow":26,"minecraft:beetroot_seeds":9,"minecraft:nether_bricks":15,"minecraft:deepslate_bricks":188,"minecraft:shears":1,"minecraft:diamond_boots":2,"minecraft:hay_block":17,"minecraft:mutton":46,"minecraft:rail":331,"minecraft:white_wool":109,"minecraft:oxeye_daisy":5,"minecraft:basalt":51,"minecraft:glow_ink_sac":3,"minecraft:tripwire_hook":3,"minecraft:salmon":12,"minecraft:leather":29,"minecraft:oak_log":197,"minecraft:lily_pad":3,"minecraft:golden_boots":2,"minecraft:yellow_bed":1,"minecraft:gunpowder":8,"minecraft:cobblestone_stairs":11,"minecraft:paper":14,"minecraft:cooked_mutton":32,"minecraft:apple":16,"minecraft:stone_bricks":12,"minecraft:kelp":8,"minecraft:iron_ingot":26,"minecraft:stone_pickaxe":1,"minecraft:cooked_chicken":2,"minecraft:iron_ore":4,"minecraft:iron_sword":3,"minecraft:soul_sand":12,"minecraft:book":156,"minecraft:scaffolding":326,"minecraft:smooth_basalt":6,"minecraft:stone_brick_slab":21,"minecraft:quartz":15,"minecraft:dandelion":116,"minecraft:gravel":190,"minecraft:lava_bucket":1,"minecraft:amethyst_shard":20,"minecraft:spruce_sapling":110,"minecraft:blast_furnace":4,"minecraft:white_bed":36,"minecraft:spruce_log":717,"minecraft:spider_eye":34,"minecraft:chainmail_leggings":5,"minecraft:iron_helmet":1,"minecraft:gray_wool":1,"minecraft:coal":1080,"minecraft:hopper":6,"minecraft:ender_pearl":2},"minecraft:used":{"minecraft:beetroot":2,"minecraft:iron_shovel":1642,"minecraft:dispenser":2,"minecraft:spruce_slab":10,"minecraft:oak_sign":8,"minecraft:ladder":2,"minecraft:poppy":4,"minecraft:shield":199,"minecraft:chest":53,"minecraft:iron_sword":349,"minecraft:stone":51,"minecraft:nether_wart":16,"minecraft:rotten_flesh":1,"minecraft:iron_chestplate":2,"minecraft:soul_sand":11,"minecraft:mutton":3,"minecraft:nether_bricks":12,"minecraft:carrot":650,"minecraft:tuff":9,"minecraft:music_disc_13":1,"minecraft:azure_bluet":2,"minecraft:obsidian":9,"minecraft:glass":208,"minecraft:lava_bucket":4,"minecraft:grass_block":770,"minecraft:lantern":37,"minecraft:iron_helmet":2,"minecraft:hopper_minecart":3,"minecraft:stone_bricks":79,"minecraft:scaffolding":276,"minecraft:oak_sapling":11,"minecraft:furnace":9,"minecraft:beetroot_seeds":6,"minecraft:egg":18,"minecraft:potato":215,"minecraft:golden_boots":2,"minecraft:diamond_boots":3,"minecraft:oak_planks":21,"minecraft:stone_pickaxe":136,"minecraft:powered_rail":108,"minecraft:blackstone":5,"minecraft:wooden_pickaxe":26,"minecraft:composter":4,"minecraft:sugar_cane":192,"minecraft:diamond_axe":20,"minecraft:white_wool":3,"minecraft:sand":1,"minecraft:blast_furnace":8,"minecraft:note_block":3,"minecraft:shears":27,"minecraft:deepslate_tiles":467,"minecraft:redstone_torch":17,"minecraft:lever":22,"minecraft:string":74,"minecraft:heavy_weighted_pressure_plate":3,"minecraft:lectern":344,"minecraft:iron_door":4,"minecraft:diamond_sword":257,"minecraft:grindstone":8,"minecraft:smithing_table":2,"minecraft:andesite":13,"minecraft:oak_boat":13,"minecraft:bone_meal":32,"minecraft:oak_fence":4,"minecraft:oak_trapdoor":10,"minecraft:enchanting_table":1,"minecraft:stone_sword":4,"minecraft:flint_and_steel":2,"minecraft:redstone":2,"minecraft:spruce_planks":4,"minecraft:cooked_chicken":1,"minecraft:netherrack":75,"minecraft:torch":744,"minecraft:brewing_stand":2,"minecraft:dirt":1716,"minecraft:anvil":4,"minecraft:wheat":4,"minecraft:white_carpet":3,"minecraft:hopper":19,"minecraft:spruce_stairs":2,"minecraft:diamond_helmet":1,"minecraft:yellow_carpet":1,"minecraft:granite":3,"minecraft:spruce_fence":3,"minecraft:iron_hoe":161,"minecraft:stone_brick_slab":119,"minecraft:bookshelf":55,"minecraft:iron_axe":1758,"minecraft:oak_stairs":2,"minecraft:rooted_dirt":6,"minecraft:iron_boots":1,"minecraft:barrel":6,"minecraft:smooth_basalt":4,"minecraft:bamboo":32,"minecraft:diamond_chestplate":2,"minecraft:tripwire_hook":4,"minecraft:basalt":7,"minecraft:golden_carrot":73,"minecraft:iron_trapdoor":2,"minecraft:minecart":44,"minecraft:cooked_beef":27,"minecraft:observer":4,"minecraft:cobbled_deepslate":66,"minecraft:iron_leggings":1,"minecraft:calcite":1,"minecraft:wheat_seeds":23,"minecraft:cooked_mutton":37,"minecraft:water_bucket":194,"minecraft:cobblestone_stairs":165,"minecraft:glass_bottle":3,"minecraft:baked_potato":62,"minecraft:spruce_sign":15,"minecraft:cobblestone_slab":80,"minecraft:fletching_table":10,"minecraft:stonecutter":2,"minecraft:spruce_fence_gate":5,"minecraft:deepslate_bricks":47,"minecraft:rail":479,"minecraft:crafting_table":27,"minecraft:white_bed":78,"minecraft:campfire":2,"minecraft:spruce_log":1,"minecraft:oak_log":3,"minecraft:cornflower":5,"minecraft:diamond_pickaxe":2903,"minecraft:oxeye_daisy":1,"minecraft:diamond_shovel":2139,"minecraft:spruce_pressure_plate":3,"minecraft:iron_pickaxe":2061,"minecraft:map":1,"minecraft:stone_slab":1,"minecraft:spruce_trapdoor":54,"minecraft:spruce_sapling":58,"minecraft:yellow_wool":2,"minecraft:stone_axe":25,"minecraft:fishing_rod":239,"minecraft:cobblestone":744,"minecraft:cooked_porkchop":54,"minecraft:bucket":198,"minecraft:yellow_bed":2,"minecraft:dandelion":18,"minecraft:diamond_leggings":2,"minecraft:smooth_stone":1},"minecraft:custom":{"minecraft:animals_bred":1,"minecraft:interact_with_crafting_table":260,"minecraft:open_barrel":17,"minecraft:leave_game":54,"minecraft:time_since_death":2399015,"minecraft:sprint_one_cm":4645873,"minecraft:damage_blocked_by_shield":10797,"minecraft:drop":960,"minecraft:play_noteblock":4,"minecraft:talked_to_villager":1287,"minecraft:play_time":2399015,"minecraft:jump":29110,"minecraft:interact_with_brewingstand":9,"minecraft:walk_on_water_one_cm":1406404,"minecraft:enchant_item":10,"minecraft:interact_with_furnace":227,"minecraft:play_record":1,"minecraft:traded_with_villager":3049,"minecraft:sleep_in_bed":149,"minecraft:damage_dealt":66906,"minecraft:crouch_one_cm":318563,"minecraft:inspect_dispenser":5,"minecraft:horse_one_cm":31386,"minecraft:interact_with_anvil":35,"minecraft:mob_kills":393,"minecraft:inspect_hopper":54,"minecraft:interact_with_campfire":80,"minecraft:climb_one_cm":184457,"minecraft:walk_one_cm":4977204,"minecraft:sneak_time":123029,"minecraft:walk_under_water_one_cm":89277,"minecraft:boat_one_cm":1298315,"minecraft:interact_with_blast_furnace":7,"minecraft:total_world_time":2471337,"minecraft:tune_noteblock":37636,"minecraft:interact_with_stonecutter":18,"minecraft:interact_with_grindstone":10,"minecraft:time_since_rest":4467,"minecraft:damage_taken":11375,"minecraft:minecart_one_cm":150567,"minecraft:swim_one_cm":406642,"minecraft:fly_one_cm":6178664,"minecraft:open_chest":1133,"minecraft:fish_caught":168,"minecraft:fall_one_cm":494925},"minecraft:dropped":{"minecraft:iron_sword":2,"minecraft:rooted_dirt":3,"minecraft:emerald":30,"minecraft:music_disc_13":1,"minecraft:dirt":4,"minecraft:cornflower":1,"minecraft:iron_pickaxe":2,"minecraft:white_wool":1,"minecraft:stone_axe":1,"minecraft:lever":2,"minecraft:cooked_chicken":2,"minecraft:cobbled_deepslate":10,"minecraft:rotten_flesh":7,"minecraft:diamond_shovel":1,"minecraft:azure_bluet":1,"minecraft:carrot":864,"minecraft:poppy":1,"minecraft:beetroot_seeds":3,"minecraft:chainmail_boots":11,"minecraft:chest":2,"minecraft:glass":119,"minecraft:scaffolding":100,"minecraft:iron_ingot":5,"minecraft:bread":69,"minecraft:wheat_seeds":3,"minecraft:diamond_leggings":2,"minecraft:poisonous_potato":2,"minecraft:iron_helmet":3,"minecraft:cobblestone":1,"minecraft:lead":1,"minecraft:book":1,"minecraft:stick":18,"minecraft:oxeye_daisy":1,"minecraft:diorite":1,"minecraft:golden_carrot":2,"minecraft:torch":1,"minecraft:iron_leggings":3,"minecraft:iron_axe":18,"minecraft:chainmail_leggings":4,"minecraft:string":157,"minecraft:bucket":3,"minecraft:dandelion":11,"minecraft:stone_brick_slab":64,"minecraft:kelp":7,"minecraft:stone_sword":2,"minecraft:tuff":2,"minecraft:chicken":1,"minecraft:iron_boots":10,"minecraft:deepslate_bricks":58,"minecraft:potato":201,"minecraft:shield":6,"minecraft:iron_chestplate":2,"minecraft:andesite":26,"minecraft:golden_sword":1,"minecraft:barrel":1,"minecraft:stone_bricks":8,"minecraft:diamond_boots":3,"minecraft:wooden_pickaxe":1,"minecraft:bell":1},"minecraft:killed":{"minecraft:cave_spider":1,"minecraft:zombified_piglin":1,"minecraft:spider":109,"minecraft:skeleton":33,"minecraft:chicken":3,"minecraft:pig":32,"minecraft:zombie_villager":6,"minecraft:iron_golem":3,"minecraft:creeper":10,"minecraft:sheep":28,"minecraft:trader_llama":8,"minecraft:zombie":83,"minecraft:blaze":27,"minecraft:cow":20,"minecraft:horse":1,"minecraft:drowned":4,"minecraft:wandering_trader":4,"minecraft:wither_skeleton":4,"minecraft:villager":6,"minecraft:enderman":3},"minecraft:broken":{"minecraft:iron_shovel":6,"minecraft:stone_pickaxe":1,"minecraft:fishing_rod":2,"minecraft:shield":1,"minecraft:iron_pickaxe":6,"minecraft:iron_helmet":1},"minecraft:crafted":{"minecraft:grindstone":4,"minecraft:smooth_stone":12,"minecraft:oak_planks":752,"minecraft:oak_sign":12,"minecraft:cobblestone_slab":6,"minecraft:barrel":4,"minecraft:blaze_powder":22,"minecraft:cooked_chicken":1,"minecraft:stone":19,"minecraft:lever":7,"minecraft:diamond_shovel":3,"minecraft:bookshelf":68,"minecraft:heavy_weighted_pressure_plate":1,"minecraft:spruce_pressure_plate":3,"minecraft:cooked_mutton":6,"minecraft:glass":1162,"minecraft:hopper":14,"minecraft:diamond_leggings":3,"minecraft:diamond_helmet":1,"minecraft:bow":1,"minecraft:iron_boots":14,"minecraft:chest":57,"minecraft:iron_door":3,"minecraft:rail":176,"minecraft:oak_fence":3,"minecraft:name_tag":3,"minecraft:glass_bottle":3,"minecraft:emerald":2385,"minecraft:cooked_porkchop":22,"minecraft:diamond_axe":1,"minecraft:crafting_table":11,"minecraft:spruce_planks":2084,"minecraft:iron_helmet":8,"minecraft:wooden_pickaxe":1,"minecraft:baked_potato":62,"minecraft:chainmail_chestplate":8,"minecraft:smithing_table":2,"minecraft:fletching_table":4,"minecraft:hopper_minecart":1,"minecraft:hay_block":2,"minecraft:brewing_stand":1,"minecraft:birch_planks":4,"minecraft:campfire":2,"minecraft:dispenser":1,"minecraft:spruce_trapdoor":52,"minecraft:smooth_basalt":1,"minecraft:lectern":13,"minecraft:iron_chestplate":7,"minecraft:book":22,"minecraft:paper":552,"minecraft:diamond_pickaxe":2,"minecraft:shield":12,"minecraft:stick":3451,"minecraft:stone_slab":12,"minecraft:iron_ingot":297,"minecraft:iron_pickaxe":10,"minecraft:iron_block":6,"minecraft:stone_sword":1,"minecraft:gold_ingot":105,"minecraft:pink_tulip":1,"minecraft:redstone_torch":7,"minecraft:composter":1,"minecraft:spruce_fence_gate":2,"minecraft:shears":2,"minecraft:golden_carrot":75,"minecraft:fishing_rod":5,"minecraft:tripwire_hook":2,"minecraft:iron_nugget":9,"minecraft:pointed_dripstone":2,"minecraft:furnace":7,"minecraft:blast_furnace":4,"minecraft:yellow_bed":1,"minecraft:bone_meal":27,"minecraft:spruce_fence":9,"minecraft:white_carpet":3,"minecraft:oak_trapdoor":6,"minecraft:flint_and_steel":1,"minecraft:scaffolding":222,"minecraft:lantern":179,"minecraft:spruce_stairs":4,"minecraft:iron_axe":46,"minecraft:ladder":3,"minecraft:spruce_slab":102,"minecraft:iron_hoe":2,"minecraft:stone_pickaxe":11,"minecraft:diamond_boots":2,"minecraft:chainmail_leggings":12,"minecraft:minecart":4,"minecraft:observer":1,"minecraft:wheat":153,"minecraft:cooked_beef":23,"minecraft:sugar":31,"minecraft:diamond_sword":1,"minecraft:spruce_sign":15,"minecraft:iron_trapdoor":1,"minecraft:enchanting_table":1,"minecraft:powered_rail":36,"minecraft:yellow_carpet":3,"minecraft:iron_sword":6,"minecraft:bell":1,"minecraft:bucket":5,"minecraft:stone_axe":11,"minecraft:enchanted_book":33,"minecraft:air":0,"minecraft:bread":51,"minecraft:oak_boat":2,"minecraft:gold_nugget":603,"minecraft:chainmail_boots":11,"minecraft:iron_shovel":7,"minecraft:iron_leggings":13,"minecraft:stonecutter":2,"minecraft:anvil":2,"minecraft:white_bed":42,"minecraft:note_block":1,"minecraft:torch":700,"minecraft:diamond_chestplate":2}},"DataVersion":3700}