{"stats":{"minecraft:mined":{"minecraft:birch_log":5,"minecraft:sweet_berry_bush":1,"minecraft:birch_leaves":1,"minecraft:dandelion":1,"minecraft:poppy":1},"minecraft:used":{"minecraft:water_bucket":187,"minecraft:bamboo_pressure_plate":1,"minecraft:cow_spawn_egg":8,"minecraft:lava_bucket":1,"minecraft:cherry_hanging_sign":1,"minecraft:torchflower":2,"minecraft:dirt_path":4,"minecraft:cherry_door":10,"minecraft:pig_spawn_egg":8,"minecraft:lantern":23,"minecraft:grass_block":10,"minecraft:cherry_slab":69,"minecraft:ladder":5,"minecraft:bamboo_hanging_sign":8,"minecraft:diamond_hoe":3,"minecraft:chicken_spawn_egg":11,"minecraft:sheep_spawn_egg":9,"minecraft:cherry_trapdoor":15,"minecraft:chest":19,"minecraft:axolotl_spawn_egg":5,"minecraft:pink_stained_glass_pane":9,"minecraft:white_terracotta":228,"minecraft:cherry_planks":144,"minecraft:pink_wool":12,"minecraft:cherry_sign":3,"minecraft:cherry_button":4,"minecraft:sugar_cane":4,"minecraft:cherry_fence_gate":10,"minecraft:stone_bricks":110,"minecraft:tube_coral":3,"minecraft:pink_bed":12,"minecraft:white_wool":6,"minecraft:stripped_mangrove_log":186,"minecraft:brain_coral":2,"minecraft:torch":71,"minecraft:sand":98,"minecraft:anvil":1,"minecraft:cherry_stairs":453,"minecraft:horn_coral":2,"minecraft:crafting_table":3,"minecraft:blast_furnace":8,"minecraft:stripped_cherry_log":204,"minecraft:potato":30,"minecraft:pearlescent_froglight":11,"minecraft:cherry_fence":151,"minecraft:cherry_log":145,"minecraft:bone_meal":10},"minecraft:picked_up":{"minecraft:birch_log":5,"minecraft:oak_door":1,"minecraft:sweet_berries":3,"minecraft:torch":28,"minecraft:dandelion":12,"minecraft:oak_pressure_plate":1,"minecraft:potato":3,"minecraft:cornflower":1,"minecraft:cherry_door":2,"minecraft:lantern":2,"minecraft:rotten_flesh":1,"minecraft:oak_sign":1,"minecraft:wheat_seeds":1,"minecraft:poppy":3},"minecraft:custom":{"minecraft:time_since_rest":40641,"minecraft:interact_with_furnace":1,"minecraft:sprint_one_cm":15513,"minecraft:walk_one_cm":88677,"minecraft:damage_dealt":99,"minecraft:talked_to_villager":2,"minecraft:swim_one_cm":293,"minecraft:interact_with_crafting_table":1,"minecraft:fly_one_cm":296974,"minecraft:open_chest":13,"minecraft:crouch_one_cm":4121,"minecraft:play_time":138119,"minecraft:sneak_time":3799,"minecraft:walk_under_water_one_cm":40888,"minecraft:jump":253,"minecraft:interact_with_blast_furnace":2,"minecraft:leave_game":3,"minecraft:climb_one_cm":454,"minecraft:walk_on_water_one_cm":7225,"minecraft:time_since_death":138119,"minecraft:sleep_in_bed":8,"minecraft:total_world_time":138119,"minecraft:fall_one_cm":805}},"DataVersion":3700}