{"stats":{"minecraft:mined":{"minecraft:birch_log":5,"minecraft:sweet_berry_bush":1,"minecraft:birch_leaves":1,"minecraft:dandelion":1,"minecraft:poppy":1},"minecraft:used":{"minecraft:water_bucket":187,"minecraft:cherry_hanging_sign":1,"minecraft:torchflower":2,"minecraft:dirt_path":4,"minecraft:cherry_door":7,"minecraft:lantern":18,"minecraft:grass_block":10,"minecraft:cherry_slab":64,"minecraft:diamond_hoe":2,"minecraft:bamboo_hanging_sign":8,"minecraft:cherry_trapdoor":15,"minecraft:axolotl_spawn_egg":5,"minecraft:chest":7,"minecraft:white_terracotta":228,"minecraft:cherry_planks":48,"minecraft:sugar_cane":4,"minecraft:cherry_button":2,"minecraft:cherry_sign":3,"minecraft:cherry_fence_gate":10,"minecraft:pink_wool":12,"minecraft:pink_stained_glass_pane":1,"minecraft:tube_coral":3,"minecraft:brain_coral":2,"minecraft:pink_bed":11,"minecraft:white_wool":6,"minecraft:stripped_mangrove_log":98,"minecraft:sand":98,"minecraft:cherry_stairs":193,"minecraft:horn_coral":2,"minecraft:crafting_table":1,"minecraft:blast_furnace":3,"minecraft:pearlescent_froglight":11,"minecraft:stripped_cherry_log":101,"minecraft:potato":29,"minecraft:cherry_fence":109,"minecraft:cherry_log":79,"minecraft:bone_meal":10},"minecraft:picked_up":{"minecraft:birch_log":5,"minecraft:sweet_berries":3,"minecraft:torch":8,"minecraft:dandelion":12,"minecraft:cornflower":1,"minecraft:cherry_door":2,"minecraft:lantern":2,"minecraft:oak_sign":1,"minecraft:wheat_seeds":1,"minecraft:poppy":3},"minecraft:custom":{"minecraft:time_since_rest":487,"minecraft:sprint_one_cm":14364,"minecraft:walk_one_cm":67903,"minecraft:damage_dealt":90,"minecraft:swim_one_cm":293,"minecraft:interact_with_crafting_table":1,"minecraft:fly_one_cm":144500,"minecraft:talked_to_villager":2,"minecraft:open_chest":9,"minecraft:crouch_one_cm":3442,"minecraft:play_time":97965,"minecraft:sneak_time":2537,"minecraft:walk_under_water_one_cm":39816,"minecraft:jump":214,"minecraft:interact_with_blast_furnace":1,"minecraft:leave_game":1,"minecraft:walk_on_water_one_cm":7164,"minecraft:time_since_death":97965,"minecraft:sleep_in_bed":8,"minecraft:total_world_time":97965,"minecraft:fall_one_cm":805}},"DataVersion":3700}